,rating,revenue
0,0.5,12676362.67578125
1,1.0,43932346.27665706
2,1.5,16009592.095505618
3,2.0,41176841.27134986
4,2.5,13639095.670713201
5,3.0,31678563.942254305
6,3.5,12594782.26202749
7,4.0,28712545.123881623
8,4.5,12929445.43
9,5.0,38034492.683304645
